02o9wrne,1,25,1,1,3,4,0,1,5,8,0,2,3,3,3,2,5,4,4,15,1,0
02o9wrne,2,25,1,1,3,4,0,1,6,3,1,4,3,3,3,2,5,4,4,15,2,1
09bjdfe9,1,22,1,3,3,1,0,0,8,8,1,7,5,2,2,0,0,0,0,0,1,0
09bjdfe9,2,22,1,3,3,1,0,1,6,3,1,7,4,4,3,0,0,0,0,0,2,1
0f9j4jxb,1,21,1,2,3,4,1,0,4,8,1,9,4,1,2,8,27,31,28,94,1,0
0f9j4jxb,2,21,1,2,3,4,1,1,3,3,1,9,4,3,5,8,27,31,28,94,2,1
0mpo8qff,1,23,1,1,4,4,1,1,9,8,1,7,5,5,2,1,3,3,2,9,2,1
0mpo8qff,2,23,1,1,4,4,1,1,5,3,1,8,3,3,4,1,3,3,2,9,2,1
0r5qm9fk,1,48,1,1,3,3,1,1,6,8,0,3,2,4,4,3,5,7,10,25,1,0
0r5qm9fk,2,48,1,1,3,3,1,1,3,3,1,4,2,4,4,3,5,7,10,25,2,1
0s9w73p2,1,23,1,3,3,4,0,0,10,8,1,6,4,4,2,12,33,41,44,130,1,0
0s9w73p2,2,23,1,3,3,4,0,1,6,3,1,6,4,3,2,12,33,41,44,130,2,1
0tk4lcaj,1,34,0,2,6,4,1,0,5,8,1,4,3,3,4,4,10,13,14,41,1,0
0tk4lcaj,2,34,0,2,6,4,1,0,5,3,1,4,3,3,4,4,10,13,14,41,1,0
0ts4u4t5,1,28,0,1,3,5,0,1,3,8,0,4,3,3,3,2,5,6,6,19,1,0
0ts4u4t5,2,28,0,1,3,5,0,1,1,3,1,1,3,3,3,2,5,6,6,19,2,1
0vh5zhe6,1,23,1,1,4,4,0,1,5,8,1,8,5,4,3,5,19,17,17,58,2,1
0vh5zhe6,2,23,1,1,4,4,0,0,4,3,0,7,4,4,3,5,19,17,17,58,0,1
13oaonuz,1,20,1,6,6,4,0,1,1,8,1,8,5,5,4,4,4,8,14,30,2,1
13oaonuz,2,20,1,6,6,4,0,1,1,3,1,6,5,5,4,4,4,8,14,30,2,1
16erjjog,1,19,1,1,3,1,1,1,8,8,1,7,3,4,4,5,20,13,16,54,2,1
16erjjog,2,19,1,1,3,1,1,0,3,3,0,3,3,4,5,5,20,13,16,54,0,1
16q2mrtf,1,21,0,3,3,4,0,1,10,8,1,6,3,2,3,7,21,23,20,71,2,1
16q2mrtf,2,21,0,3,3,4,0,1,6,3,1,4,4,2,3,7,21,23,20,71,2,1
1c8vjwfk,1,24,1,3,4,4,0,1,4,8,1,7,4,4,2,7,20,24,28,79,2,1
1c8vjwfk,2,24,1,3,4,4,0,0,3,3,1,9,5,5,2,7,20,24,28,79,1,0
1h76nvf7,1,28,1,1,4,4,0,1,10,8,0,7,4,2,4,5,20,18,14,57,1,0
1h76nvf7,2,28,1,1,4,4,0,0,10,3,1,7,4,2,4,5,20,18,14,57,1,0
1icbk4ea,1,21,1,1,1,4,1,0,10,8,1,6,3,3,3,3,7,6,7,23,1,0
1icbk4ea,2,21,1,1,1,4,1,0,4,3,0,5,3,3,3,3,7,6,7,23,0,1
1jbaisal,1,29,0,3,4,4,0,1,10,8,1,6,3,4,4,1,3,3,3,10,2,1
1jbaisal,2,29,0,3,4,4,0,0,10,3,0,7,3,4,4,1,3,3,3,10,0,1
1lxm0s43,1,21,1,1,3,1,1,1,3,8,1,4,2,2,4,5,15,14,15,49,2,1
1lxm0s43,2,21,1,1,3,1,1,0,3,3,1,6,2,2,4,5,15,14,15,49,1,0
1mxmg9n0,1,30,1,1,4,4,1,1,7,8,0,6,2,3,3,6,13,17,14,50,1,0
1mxmg9n0,2,30,1,1,4,4,1,0,6,3,1,7,2,3,3,6,13,17,14,50,1,0
1si0jb53,1,22,1,1,3,4,1,1,2,8,1,9,4,4,5,5,21,14,20,60,2,1
1si0jb53,2,22,1,1,3,4,1,1,3,3,1,9,4,4,5,5,21,14,20,60,2,1
1wbsb1jx,1,26,1,1,4,4,0,1,10,8,0,3,2,3,3,5,10,9,15,39,1,0
1wbsb1jx,2,26,1,1,4,4,0,0,10,3,1,4,2,1,1,5,10,9,15,39,1,0
1x39ee6m,1,22,0,6,3,4,0,0,3,8,0,1,4,4,3,4,13,8,13,38,0,1
1x39ee6m,2,22,0,6,3,4,0,1,10,3,1,8,4,4,3,4,13,8,13,38,2,1
221feeds,1,22,1,1,3,4,0,1,2,8,0,6,5,4,4,5,15,14,17,51,1,0
221feeds,2,22,1,1,3,4,0,0,2,3,0,5,4,4,4,5,15,14,17,51,0,1
27li1hj8,1,32,0,1,3,4,1,0,10,8,1,5,5,1,3,2,5,3,4,14,1,0
27li1hj8,2,32,0,1,3,4,1,0,10,3,1,7,5,1,3,2,5,3,4,14,1,0
2bvovv5v,1,21,1,1,3,4,0,0,7,8,0,5,4,3,2,4,10,12,17,43,0,1
2bvovv5v,2,21,1,1,3,4,0,1,6,3,1,10,5,3,2,4,10,12,17,43,2,1
2bw78otl,1,23,1,1,4,4,1,0,9,8,0,2,4,4,4,9,19,32,31,91,0,1
2bw78otl,2,23,1,1,4,4,1,1,5,3,1,4,4,4,4,9,19,32,31,91,2,1
2lovnx5j,1,20,1,4,3,1,1,1,7,8,1,9,4,4,5,3,8,12,12,35,2,1
2lovnx5j,2,20,1,4,3,1,1,1,7,3,1,9,4,4,5,3,8,12,12,35,2,1
2veg54wv,1,21,0,1,5,4,1,1,6,8,0,4,3,3,3,2,4,4,5,15,1,0
2veg54wv,2,21,0,1,5,4,1,1,3,3,1,7,3,3,3,2,4,4,5,15,2,1
39dyv3gu,1,23,1,1,4,1,1,0,10,8,1,4,3,4,4,6,23,21,22,72,1,0
39dyv3gu,2,23,1,1,4,1,1,0,7,3,1,10,3,4,4,6,23,21,22,72,1,0
39n19dj6,1,39,1,1,5,4,0,1,8,8,1,7,4,2,2,2,6,5,6,19,2,1
39n19dj6,2,39,1,1,5,4,0,1,7,3,1,6,3,2,2,2,6,5,6,19,2,1
39pyhrq5,1,22,1,1,3,4,0,0,1,8,0,7,4,4,4,11,38,34,38,121,0,1
39pyhrq5,2,22,1,1,3,4,0,0,2,3,1,10,5,5,5,11,38,34,38,121,1,0
3i645i2n,1,23,0,1,3,6,1,1,10,8,1,6,2,4,4,3,10,7,10,30,2,1
3i645i2n,2,23,0,1,3,6,1,1,9,3,1,7,2,4,4,3,10,7,10,30,2,1
3uhsabrj,1,27,1,1,3,4,0,1,4,8,1,5,3,3,3,2,7,5,6,20,2,1
3uhsabrj,2,27,1,1,3,4,0,0,3,3,1,5,3,3,3,2,7,5,6,20,1,0
3wuwevgm,1,28,0,1,3,12,0,0,10,8,1,7,5,3,2,9,31,23,26,89,1,0
3wuwevgm,2,28,0,1,3,12,0,1,10,3,1,8,1,3,2,9,31,23,26,89,2,1
3ybrq8d0,1,20,1,1,3,4,0,1,4,8,1,10,4,4,2,7,19,21,25,72,2,1
3ybrq8d0,2,20,1,1,3,4,0,0,4,3,1,9,3,1,1,7,19,21,25,72,1,0
41ftndwd,1,23,0,1,4,4,1,1,4,8,1,7,3,4,5,1,2,2,3,8,2,1
41ftndwd,2,23,0,1,4,4,1,0,7,3,1,7,3,4,5,1,2,2,3,8,1,0
41vav9e6,1,32,0,6,6,4,0,0,1,8,0,8,4,4,4,2,4,4,6,16,0,1
41vav9e6,2,32,0,6,6,4,0,0,2,3,1,2,3,2,4,2,4,4,6,16,1,0
47xsr5ln,1,23,1,1,3,1,1,0,4,8,0,8,2,3,2,5,12,18,22,57,0,1
47xsr5ln,2,23,1,1,3,1,1,1,3,3,1,7,2,3,2,5,12,18,22,57,2,1
4beajowr,1,24,1,1,4,3,1,0,1,8,1,6,4,5,2,1,4,3,4,12,1,0
4beajowr,2,24,1,1,4,3,1,0,1,3,1,7,3,4,3,1,4,3,4,12,1,0
4dgsc4uh,1,23,1,4,3,4,1,0,10,8,1,4,4,3,2,5,17,17,19,58,1,0
4dgsc4uh,2,23,1,4,3,4,1,1,2,3,0,1,3,4,4,5,17,17,19,58,1,0
4drwocpy,1,29,1,1,4,1,1,0,10,8,1,6,3,3,4,6,11,17,23,57,1,0
4drwocpy,2,29,1,1,4,1,1,0,10,3,1,7,3,3,4,6,11,17,23,57,1,0
4gl3n14q,1,24,1,1,4,1,1,0,10,8,1,7,4,2,4,1,2,2,1,6,1,0
4gl3n14q,2,24,1,1,4,1,1,1,9,3,1,8,4,4,4,1,2,2,1,6,2,1
4ofpi2ah,1,29,1,7,5,4,0,1,5,8,1,3,4,4,3,6,14,12,10,42,2,1
4ofpi2ah,2,29,1,7,5,4,0,0,3,3,1,4,5,4,1,6,14,12,10,42,1,0
52x2inm9,1,25,1,1,4,11,1,0,10,8,1,7,3,5,5,0,0,0,0,0,1,0
52x2inm9,2,25,1,1,4,11,1,0,10,3,1,6,3,5,5,0,0,0,0,0,1,0
59ni4eqk,1,23,1,1,4,2,0,0,3,8,1,3,3,3,3,2,6,4,8,20,1,0
59ni4eqk,2,23,1,1,4,2,0,1,6,3,1,3,3,3,3,2,6,4,8,20,2,1
5eze54u5,1,63,0,1,4,4,0,1,2,8,0,10,1,1,1,4,10,9,10,33,1,0
5eze54u5,2,63,0,1,4,4,0,0,3,3,1,10,1,1,1,4,10,9,10,33,1,0
5lgtvn7o,1,22,1,3,3,4,0,1,2,8,1,6,5,4,2,5,14,10,14,43,2,1
5lgtvn7o,2,22,1,3,3,4,0,1,1,3,1,7,5,4,2,5,14,10,14,43,2,1
5o00mvrj,1,21,1,3,4,4,0,0,6,8,0,5,4,4,3,7,15,24,27,73,0,1
5o00mvrj,2,21,1,3,4,4,0,0,6,3,1,9,2,2,2,7,15,24,27,73,1,0
5q13mfa5,1,22,1,5,3,8,1,0,4,8,1,8,1,4,4,1,1,1,3,6,1,0
5q13mfa5,2,22,1,5,3,8,1,0,6,3,1,8,1,4,4,1,1,1,3,6,1,0
5y3nmz6q,1,31,1,4,6,4,1,0,2,8,1,7,2,2,3,5,7,8,19,39,1,0
5y3nmz6q,2,31,1,4,6,4,1,0,3,3,1,6,2,2,3,5,7,8,19,39,1,0
7bbfeccl,1,24,0,1,3,1,0,1,3,8,0,7,2,2,3,5,16,14,20,55,1,0
7bbfeccl,2,24,0,1,3,1,0,1,4,3,0,9,2,2,3,5,16,14,20,55,1,0
7w4s8rhh,1,25,0,1,5,5,1,1,7,8,0,1,4,4,4,0,0,0,0,0,1,0
7w4s8rhh,2,25,0,1,5,5,1,0,3,3,1,6,3,3,3,0,0,0,0,0,1,0
7zuazfeb,1,37,0,3,2,1,0,1,2,8,1,6,5,3,3,9,25,27,32,93,2,1
7zuazfeb,2,37,0,3,2,1,0,1,2,3,0,3,2,2,2,9,25,27,32,93,1,0
8069swgd,1,20,1,3,3,4,1,0,2,8,0,2,5,5,5,5,20,13,14,52,0,1
8069swgd,2,20,1,3,3,4,1,1,6,3,1,10,5,5,5,5,20,13,14,52,2,1
81gzpzn1,1,22,0,1,4,1,0,1,2,8,1,6,4,3,4,4,11,15,13,43,2,1
81gzpzn1,2,22,0,1,4,1,0,0,1,3,1,6,2,4,2,4,11,15,13,43,1,0
81ps3apo,1,26,1,1,4,1,1,0,10,8,1,1,3,3,4,4,13,13,11,41,1,0
81ps3apo,2,26,1,1,4,1,1,1,10,3,1,7,4,4,4,4,13,13,11,41,2,1
82db3sq6,1,21,1,3,4,4,1,0,8,8,1,6,2,2,3,1,2,1,3,7,1,0
82db3sq6,2,21,1,3,4,4,1,1,6,3,1,8,3,4,4,1,2,1,3,7,2,1
8fqxu758,1,48,1,1,4,4,0,0,10,8,1,6,4,1,1,4,12,13,15,44,1,0
8fqxu758,2,48,1,1,4,4,0,0,7,3,1,5,5,1,1,4,12,13,15,44,1,0
8ru2fzdx,1,33,0,3,2,5,0,1,8,8,1,6,2,3,3,9,29,27,29,94,2,1
8ru2fzdx,2,33,0,3,2,5,0,1,10,3,0,1,2,3,3,9,29,27,29,94,1,0
9aoeoxhd,1,26,1,1,3,4,0,1,5,8,0,2,3,3,2,2,5,5,6,18,1,0
9aoeoxhd,2,26,1,1,3,4,0,0,4,3,1,6,3,3,2,2,5,5,6,18,1,0
9cf3mrb9,1,37,0,1,4,4,1,1,2,8,1,8,3,3,3,1,2,1,2,6,2,1
9cf3mrb9,2,37,0,1,4,4,1,1,3,3,1,2,3,2,4,1,2,1,2,6,2,1
9d15rrwp,1,21,1,1,4,4,0,1,7,8,0,1,1,3,1,5,16,11,16,48,1,0
9d15rrwp,2,21,1,1,4,4,0,0,2,3,1,1,5,3,1,5,16,11,16,48,1,0
9g2orqkx,1,22,1,3,4,3,0,0,10,8,1,5,5,4,3,9,26,27,28,90,1,0
9g2orqkx,2,22,1,3,4,3,0,0,7,3,1,6,5,4,3,9,26,27,28,90,1,0
9jphpebf,1,21,1,1,3,4,1,1,1,8,1,5,4,4,4,5,14,16,17,52,2,1
9jphpebf,2,21,1,1,3,4,1,1,1,3,1,6,4,4,4,5,14,16,17,52,2,1
9ooeyj27,1,22,0,1,3,4,0,1,7,8,1,8,5,4,2,4,9,8,12,33,2,1
9ooeyj27,2,22,0,1,3,4,0,0,7,3,1,7,4,1,1,4,9,8,12,33,1,0
a0zop6jk,1,25,1,1,4,4,1,0,3,8,0,8,1,4,5,1,3,2,2,8,0,1
a0zop6jk,2,25,1,1,4,4,1,0,8,3,1,9,4,1,1,1,3,2,2,8,1,0
a8u3m03n,1,25,0,1,3,4,1,0,7,8,1,6,2,3,3,1,1,1,2,5,1,0
a8u3m03n,2,25,0,1,3,4,1,1,6,3,1,8,2,3,3,1,1,1,2,5,2,1
anmcz9w9,1,26,1,1,4,6,0,0,8,8,1,9,3,1,1,2,7,5,6,20,1,0
anmcz9w9,2,26,1,1,4,6,0,0,6,3,1,9,3,1,1,2,7,5,6,20,1,0
aoxm8m5k,1,21,0,1,2,4,1,1,1,8,1,10,4,5,5,1,4,3,3,11,2,1
aoxm8m5k,2,21,0,1,2,4,1,1,3,3,1,8,4,5,5,1,4,3,3,11,2,1
at8vda4f,1,24,1,1,3,4,0,0,3,8,1,4,4,2,1,1,2,2,3,8,1,0
at8vda4f,2,24,1,1,3,4,0,0,3,3,1,6,2,1,1,1,2,2,3,8,1,0
ayvxhnzh,1,29,1,1,4,4,0,1,8,8,1,9,5,4,1,6,24,18,24,72,2,1
ayvxhnzh,2,29,1,1,4,4,0,1,8,3,1,9,5,4,1,6,24,18,24,72,2,1
b23lqi6f,1,22,1,1,3,4,0,1,5,8,1,6,3,3,3,3,12,11,10,36,2,1
b23lqi6f,2,22,1,1,3,4,0,1,5,3,1,6,3,3,3,3,12,11,10,36,2,1
b4chvizt,1,31,1,1,4,1,0,1,10,8,1,3,5,5,4,9,22,22,31,84,2,1
b4chvizt,2,31,1,1,4,1,0,0,3,3,1,7,1,1,1,9,22,22,31,84,1,0
b8v95zjg,1,27,1,1,3,1,1,0,4,8,1,8,1,2,2,5,22,21,15,63,1,0
b8v95zjg,2,27,1,1,3,1,1,0,3,3,1,9,1,1,2,5,22,21,15,63,1,0
becdhs6d,1,23,0,1,3,4,1,1,3,8,0,7,1,3,5,4,7,14,18,43,1,0
becdhs6d,2,23,0,1,3,4,1,1,7,3,0,6,2,4,5,4,7,14,18,43,1,0
brzyvx6o,1,23,1,1,3,7,1,0,4,8,1,7,1,3,3,0,0,0,0,0,1,0
brzyvx6o,2,23,1,1,3,7,1,1,3,3,1,3,1,4,4,0,0,0,0,0,2,1
byprp3ao,1,21,0,1,3,7,0,1,3,8,0,1,3,3,3,2,6,4,5,17,1,0
byprp3ao,2,21,0,1,3,7,0,1,6,3,1,4,4,4,4,2,6,4,5,17,2,1
c1e0i0av,1,21,1,1,3,1,1,1,10,8,1,9,3,3,2,4,13,11,14,42,2,1
c1e0i0av,2,21,1,1,3,1,1,1,1,3,1,10,3,3,2,4,13,11,14,42,2,1
c4pei8id,1,22,1,2,3,3,0,1,8,8,1,9,5,2,2,7,19,22,26,74,2,1
c4pei8id,2,22,1,2,3,3,0,1,10,3,1,9,5,3,2,7,19,22,26,74,2,1
ccq14o2b,1,24,1,1,4,3,0,1,3,8,0,3,4,5,4,2,7,7,8,24,1,0
ccq14o2b,2,24,1,1,4,3,0,1,1,3,1,8,4,4,1,2,7,7,8,24,2,1
ccss6l6p,1,20,1,1,3,4,0,0,2,8,0,1,1,1,1,1,5,5,5,16,0,1
ccss6l6p,2,20,1,1,3,4,0,0,1,3,0,1,5,5,1,1,5,5,5,16,0,1
cl2ep3f7,1,27,1,1,4,4,1,0,10,8,1,6,2,2,3,3,6,5,9,23,1,0
cl2ep3f7,2,27,1,1,4,4,1,1,10,3,1,6,2,2,3,3,6,5,9,23,2,1
cx03s6sj,1,23,0,1,4,4,0,1,6,8,1,5,3,3,3,2,6,8,10,26,2,1
cx03s6sj,2,23,0,1,4,4,0,1,5,3,1,6,3,2,2,2,6,8,10,26,2,1
d1tg2svx,1,26,0,1,3,4,1,1,3,8,1,9,4,4,5,2,7,5,5,19,2,1
d1tg2svx,2,26,0,1,3,4,1,1,2,3,1,9,4,4,5,2,7,5,5,19,2,1
d5miao3f,1,27,1,3,4,4,1,1,2,8,1,7,3,1,5,0,0,0,0,0,2,1
d5miao3f,2,27,1,3,4,4,1,0,2,3,1,4,2,1,4,0,0,0,0,0,1,0
d7mzhd91,1,34,0,3,2,5,1,0,10,8,1,8,2,4,4,4,11,6,14,35,1,0
d7mzhd91,2,34,0,3,2,5,1,0,10,3,1,9,2,4,4,4,11,6,14,35,1,0
ddndhovh,1,28,1,1,4,4,1,1,3,8,1,2,3,3,4,3,11,9,11,34,2,1
ddndhovh,2,28,1,1,4,4,1,0,2,3,1,2,2,3,4,3,11,9,11,34,1,0
een591sa,1,21,1,1,4,4,0,1,4,8,1,6,4,4,2,2,7,6,7,22,2,1
een591sa,2,21,1,1,4,4,0,0,3,3,1,8,2,1,1,2,7,6,7,22,1,0
ef2n5ebm,1,21,0,1,4,4,1,0,10,8,1,2,1,2,2,9,29,28,30,96,1,0
ef2n5ebm,2,21,0,1,4,4,1,0,7,3,1,5,1,2,2,9,29,28,30,96,1,0
eirxrsea,1,22,1,1,3,4,0,1,2,8,1,4,5,3,2,0,0,0,0,0,2,1
eirxrsea,2,22,1,1,3,4,0,1,2,3,1,5,5,3,2,0,0,0,0,0,2,1
eqmg9g9o,1,21,1,1,4,4,0,0,2,8,1,8,1,1,1,1,2,3,3,9,1,0
eqmg9g9o,2,21,1,1,4,4,0,0,3,3,1,8,1,1,1,1,2,3,3,9,1,0
et0tq6z6,1,29,1,1,4,4,0,0,10,8,1,6,5,4,1,0,0,0,0,0,1,0
et0tq6z6,2,29,1,1,4,4,0,1,10,3,1,7,5,3,1,0,0,0,0,0,2,1
ev74g878,1,23,1,1,4,1,1,0,10,8,0,5,2,2,2,5,13,16,15,49,0,1
ev74g878,2,23,1,1,4,1,1,1,10,3,1,8,3,3,4,5,13,16,15,49,2,1
ew0w2g1l,1,22,0,1,4,4,0,0,3,8,0,7,4,4,4,1,3,3,2,9,0,1
ew0w2g1l,2,22,0,1,4,4,0,0,1,3,1,8,3,4,4,1,3,3,2,9,1,0
exrrcsmn,1,22,0,1,2,4,0,0,2,8,1,3,2,2,2,5,13,17,19,54,1,0
exrrcsmn,2,22,0,1,2,4,0,0,3,3,0,1,5,5,5,5,13,17,19,54,0,1
f4n9j6op,1,22,1,1,3,4,1,1,1,8,0,5,3,3,3,4,11,12,15,42,1,0
f4n9j6op,2,22,1,1,3,4,1,0,2,3,0,5,3,3,3,4,11,12,15,42,0,1
f5atevr6,1,23,1,1,4,7,1,0,6,8,0,1,2,1,1,1,3,1,1,6,0,1
f5atevr6,2,23,1,1,4,7,1,0,4,3,1,3,3,2,4,1,3,1,1,6,1,0
f5xv1fkl,1,22,1,1,4,4,1,1,7,8,1,6,2,4,4,1,4,2,3,10,2,1
f5xv1fkl,2,22,1,1,4,4,1,1,6,3,1,7,2,4,4,1,4,2,3,10,2,1
f89sar31,1,18,1,1,3,4,1,1,2,8,1,4,2,2,3,7,30,20,18,75,2,1
f89sar31,2,18,1,1,3,4,1,0,3,3,1,6,3,1,1,7,30,20,18,75,1,0
fmqp68m8,1,22,1,1,4,4,1,0,4,8,1,8,3,3,3,2,7,5,7,21,1,0
fmqp68m8,2,22,1,1,4,4,1,0,2,3,0,6,2,3,4,2,7,5,7,21,0,1
fnl62hwg,1,23,0,1,4,4,1,0,3,8,0,6,3,5,5,3,11,9,8,31,0,1
fnl62hwg,2,23,0,1,4,4,1,1,7,3,1,7,4,5,5,3,11,9,8,31,2,1
fpandoem,1,24,0,1,4,4,0,1,10,8,1,6,5,4,4,2,4,4,5,15,2,1
fpandoem,2,24,0,1,4,4,0,1,8,3,0,3,5,4,4,2,4,4,5,15,1,0
fprgpada,1,28,1,1,4,4,1,0,1,8,1,7,3,2,2,3,8,8,10,29,1,0
fprgpada,2,28,1,1,4,4,1,1,1,3,0,7,3,2,2,3,8,8,10,29,1,0
frt2lkk5,1,28,1,1,4,4,1,0,1,8,1,10,4,1,2,11,14,38,49,112,1,0
frt2lkk5,2,28,1,1,4,4,1,0,1,3,1,10,3,1,2,11,14,38,49,112,1,0
fzik5q3x,1,23,1,1,4,13,1,1,5,8,1,8,5,2,1,8,26,20,21,75,2,1
fzik5q3x,2,23,1,1,4,13,1,0,6,3,1,7,4,1,2,8,26,20,21,75,1,0
g5mgshxu,1,24,1,1,4,4,1,1,2,8,0,2,4,3,3,8,29,34,34,105,1,0
g5mgshxu,2,24,1,1,4,4,1,1,1,3,0,5,2,3,3,8,29,34,34,105,1,0
g79jc6fg,1,23,0,1,3,7,1,1,4,8,0,3,2,2,4,6,16,17,17,56,1,0
g79jc6fg,2,23,0,1,3,7,1,0,4,3,1,8,3,2,4,6,16,17,17,56,1,0
gjk9u84t,1,32,0,4,6,5,0,1,1,8,0,1,3,3,3,5,19,14,16,54,1,0
gjk9u84t,2,32,0,4,6,5,0,1,1,3,0,1,3,3,3,5,19,14,16,54,1,0
gkrpdx4m,1,22,1,1,3,4,0,0,1,8,1,9,2,2,2,5,13,15,17,50,1,0
gkrpdx4m,2,22,1,1,3,4,0,0,1,3,1,10,5,4,2,5,13,15,17,50,1,0
gt816sfp,1,22,0,2,3,4,1,0,4,8,1,4,2,3,3,12,41,30,33,116,1,0
gt816sfp,2,22,0,2,3,4,1,0,3,3,1,6,2,3,3,12,41,30,33,116,1,0
gtvmotq5,1,24,1,3,3,4,1,0,3,8,0,3,3,4,4,10,30,23,42,105,0,1
gtvmotq5,2,24,1,3,3,4,1,1,2,3,1,6,3,4,4,10,30,23,42,105,2,1
gz5sn17l,1,23,1,1,4,4,0,0,8,8,0,3,5,4,3,2,8,6,8,24,0,1
gz5sn17l,2,23,1,1,4,4,0,0,7,3,1,6,5,4,3,2,8,6,8,24,1,0
h2dzzzet,1,20,0,1,3,4,0,0,9,8,0,2,1,1,1,2,5,5,6,18,0,1
h2dzzzet,2,20,0,1,3,4,0,0,8,3,0,3,1,1,1,2,5,5,6,18,0,1
ha7565e0,1,24,0,1,4,4,1,0,4,8,1,10,2,4,4,0,0,0,0,0,1,0
ha7565e0,2,24,0,1,4,4,1,0,4,3,0,4,4,4,4,0,0,0,0,0,0,1
hb31om61,1,27,1,1,3,4,0,0,2,8,1,8,3,1,1,6,20,8,14,48,1,0
hb31om61,2,27,1,1,3,4,0,1,2,3,1,8,3,3,3,6,20,8,14,48,2,1
hlb28dkj,1,23,0,1,4,1,0,0,1,8,0,3,4,3,4,2,7,5,6,20,0,1
hlb28dkj,2,23,0,1,4,1,0,0,4,3,1,5,2,2,2,2,7,5,6,20,1,0
hlpmui5y,1,28,1,1,4,4,0,0,10,8,1,3,4,2,2,0,0,0,0,0,1,0
hlpmui5y,2,28,1,1,4,4,0,1,8,3,1,8,4,2,2,0,0,0,0,0,2,1
hlqfsg60,1,38,1,1,4,1,1,1,1,8,0,4,3,3,3,2,5,4,6,17,1,0
hlqfsg60,2,38,1,1,4,1,1,0,3,3,1,8,1,2,2,2,5,4,6,17,1,0
i043o7a9,1,21,1,2,3,4,0,0,10,8,0,1,5,4,1,8,22,21,30,81,0,1
i043o7a9,2,21,1,2,3,4,0,0,3,3,1,7,5,1,1,8,22,21,30,81,1,0
i38jov29,1,23,1,1,3,1,1,1,6,8,1,9,3,3,2,3,11,10,11,35,2,1
i38jov29,2,23,1,1,3,1,1,1,2,3,0,6,4,2,2,3,11,10,11,35,1,0
i8vm5ayn,1,56,0,1,3,10,1,0,8,8,1,5,3,3,4,5,13,9,16,43,1,0
i8vm5ayn,2,56,0,1,3,10,1,1,8,3,1,6,3,3,4,5,13,9,16,43,2,1
iadh129y,1,22,1,1,3,4,0,0,2,8,1,9,5,2,2,4,8,9,17,38,1,0
iadh129y,2,22,1,1,3,4,0,1,2,3,1,8,4,5,4,4,8,9,17,38,2,1
ifoqogor,1,24,0,7,3,4,0,1,8,8,1,4,5,2,2,2,8,6,9,25,2,1
ifoqogor,2,24,0,7,3,4,0,1,3,3,1,6,5,2,2,2,8,6,9,25,2,1
iicphkzk,1,26,1,1,4,4,1,1,10,8,0,1,3,4,4,2,3,3,7,15,1,0
iicphkzk,2,26,1,1,4,4,1,1,10,3,0,1,3,4,4,2,3,3,7,15,1,0
iuon7u5x,1,25,1,1,4,4,1,0,10,8,1,6,3,3,4,6,15,14,15,50,1,0
iuon7u5x,2,25,1,1,4,4,1,0,9,3,1,7,3,3,4,6,15,14,15,50,1,0
j4d77s0i,1,26,1,3,4,4,1,1,1,8,1,9,3,3,4,0,0,0,0,0,2,1
j4d77s0i,2,26,1,3,4,4,1,0,2,3,0,6,3,3,4,0,0,0,0,0,0,1
j5a6wf7r,1,22,1,1,4,1,0,0,8,8,1,8,3,2,1,4,13,9,14,40,1,0
j5a6wf7r,2,22,1,1,4,1,0,0,7,3,1,10,3,1,1,4,13,9,14,40,1,0
j5g263j3,1,24,1,1,2,9,1,0,8,8,1,8,4,2,2,8,24,19,27,78,1,0
j5g263j3,2,24,1,1,2,9,1,0,6,3,1,10,4,2,2,8,24,19,27,78,1,0
j9et2k8t,1,23,1,2,3,3,1,1,4,8,1,10,1,1,2,6,11,12,28,57,2,1
j9et2k8t,2,23,1,2,3,3,1,0,4,3,0,8,1,1,2,6,11,12,28,57,0,1
jdzc6omc,1,22,0,3,4,4,1,1,8,8,1,10,5,4,4,9,36,32,31,108,2,1
jdzc6omc,2,22,0,3,4,4,1,0,10,3,0,1,5,4,4,9,36,32,31,108,0,1
jgfghqs7,1,27,1,1,4,11,0,1,2,8,0,1,5,4,3,2,7,4,3,16,1,0
jgfghqs7,2,27,1,1,4,11,0,1,1,3,1,10,5,4,3,2,7,4,3,16,2,1
jgkd9s73,1,29,1,3,4,1,0,0,2,8,0,5,3,3,3,1,1,1,1,4,0,1
jgkd9s73,2,29,1,3,4,1,0,0,2,3,0,3,3,2,3,1,1,1,1,4,0,1
jpmhiiq9,1,21,1,1,4,4,1,1,10,8,0,3,5,5,4,6,25,21,16,68,1,0
jpmhiiq9,2,21,1,1,4,4,1,0,7,3,1,6,5,4,4,6,25,21,16,68,1,0
jz9fnoy8,1,22,1,5,4,4,1,0,10,8,1,8,2,3,4,6,21,17,23,67,1,0
jz9fnoy8,2,22,1,5,4,4,1,1,9,3,1,8,2,3,4,6,21,17,23,67,2,1
k357j4na,1,21,1,1,3,4,1,1,10,8,1,8,4,4,4,1,1,1,3,6,2,1
k357j4na,2,21,1,1,3,4,1,1,10,3,1,8,4,4,4,1,1,1,3,6,2,1
k4a3bnhl,1,21,1,3,4,4,0,0,10,8,0,2,3,3,1,6,14,10,21,51,0,1
k4a3bnhl,2,21,1,3,4,4,0,0,8,3,1,2,4,2,1,6,14,10,21,51,1,0
kqt8bs40,1,37,0,5,4,4,0,1,2,8,1,7,5,5,2,1,3,3,4,11,2,1
kqt8bs40,2,37,0,5,4,4,0,1,3,3,1,8,5,5,2,1,3,3,4,11,2,1
kwes78aa,1,24,1,1,4,4,1,0,3,8,0,7,4,4,4,1,1,1,1,4,0,1
kwes78aa,2,24,1,1,4,4,1,1,4,3,1,8,4,4,4,1,1,1,1,4,2,1
l2flepaz,1,22,1,1,4,4,0,1,1,8,1,5,5,4,3,7,17,19,23,66,2,1
l2flepaz,2,22,1,1,4,4,0,0,2,3,1,10,1,1,1,7,17,19,23,66,1,0
l7jg42my,1,22,1,1,2,4,1,0,1,8,0,1,5,5,5,10,33,24,27,94,0,1
l7jg42my,2,22,1,1,2,4,1,0,2,3,0,10,5,5,5,10,33,24,27,94,0,1
l8v1kyst,1,22,0,3,2,4,0,0,2,8,0,3,2,4,4,12,37,44,45,138,0,1
l8v1kyst,2,22,0,3,2,4,0,1,6,3,1,7,4,4,3,12,37,44,45,138,2,1
lc6ct6az,1,23,1,1,4,4,0,0,2,8,1,9,4,3,4,3,9,12,7,31,1,0
lc6ct6az,2,23,1,1,4,4,0,1,1,3,1,10,4,4,4,3,9,12,7,31,2,1
ltyzw7aa,1,20,1,2,3,4,1,1,4,8,1,3,2,3,5,5,17,18,11,51,2,1
ltyzw7aa,2,20,1,2,3,4,1,1,3,3,1,4,2,3,4,5,17,18,11,51,2,1
m52c7zpp,1,31,1,1,4,4,1,0,2,8,1,8,3,4,3,0,0,0,0,0,1,0
m52c7zpp,2,31,1,1,4,4,1,0,2,3,1,9,4,4,4,0,0,0,0,0,1,0
m5evuqky,1,21,0,1,5,4,1,0,7,8,1,8,4,2,2,2,3,5,6,16,1,0
m5evuqky,2,21,0,1,5,4,1,0,6,3,1,7,4,2,2,2,3,5,6,16,1,0
mdzw05qx,1,25,1,1,5,4,0,1,10,8,1,8,5,4,2,8,19,24,28,79,2,1
mdzw05qx,2,25,1,1,5,4,0,0,10,3,0,4,2,1,1,8,19,24,28,79,0,1
mkr97mk7,1, ,2,6,6,5,0,1,5,8,1,7,5,2,1,5,12,11,20,48,2,1
mkr97mk7,2, ,2,6,6,5,0,1,4,3,1,7,5,2,1,5,12,11,20,48,2,1
mlfk685y,1,20,1,5,3,4,1,1,10,8,1,5,1,3,3,0,0,0,0,0,2,1
mlfk685y,2,20,1,5,3,4,1,0,10,3,1,4,1,3,3,0,0,0,0,0,1,0
mnqq4zn9,1,24,1,1,3,4,0,0,7,8,1,7,3,1,1,3,6,6,8,23,1,0
mnqq4zn9,2,24,1,1,3,4,0,1,6,3,1,8,4,3,2,3,6,6,8,23,2,1
mx81yt4t,1,28,1,1,3,4,0,1,3,8,0,1,5,4,3,5,12,17,15,49,1,0
mx81yt4t,2,28,1,1,3,4,0,1,3,3,1,5,5,4,3,5,12,17,15,49,2,1
n52d0j72,1,30,1,2,4,4,0,1,3,8,0,6,3,2,3,3,5,12,14,34,1,0
n52d0j72,2,30,1,2,4,4,0,0,2,3,0,5,4,3,4,3,5,12,14,34,0,1
ncb7qohe,1,22,1,1,5,4,1,0,8,8,1,7,3,2,3,1,3,2,4,10,1,0
ncb7qohe,2,22,1,1,5,4,1,0,7,3,1,7,3,1,3,1,3,2,4,10,1,0
nd2fv8re,1,21,1,1,4,4,0,0,6,8,1,6,4,3,2,2,5,4,6,17,1,0
nd2fv8re,2,21,1,1,4,4,0,1,5,3,0,3,4,3,2,2,5,4,6,17,1,0
nj5pyc05,1,22,1,1,3,4,1,0,1,8,0,3,3,3,3,4,15,12,15,46,0,1
nj5pyc05,2,22,1,1,3,4,1,1,3,3,1,8,4,4,4,4,15,12,15,46,2,1
nn7ypwxk,1,23,0,1,3,4,0,0,4,8,1,5,3,3,3,11,37,33,34,115,1,0
nn7ypwxk,2,23,0,1,3,4,0,1,8,3,1,4,3,3,3,11,37,33,34,115,2,1
nplwp94p,1,25,1,3,4,4,1,0,2,8,1,5,2,4,3,8,30,24,34,96,1,0
nplwp94p,2,25,1,3,4,4,1,1,3,3,0,7,5,5,5,8,30,24,34,96,1,0
nvcfh22o,1,22,1,1,2,4,0,0,7,8,1,5,5,3,2,4,15,14,13,46,1,0
nvcfh22o,2,22,1,1,2,4,0,1,3,3,1,7,5,3,2,4,15,14,13,46,2,1
o98749dw,1,26,0,1,4,3,0,0,5,8,1,9,1,1,1,7,18,20,22,67,1,0
o98749dw,2,26,0,1,4,3,0,1,7,3,0,7,5,5,5,7,18,20,22,67,1,0
of5n7fz7,1,32,0,5,5,3,1,0,5,8,0,4,3,3,3,2,7,6,7,22,0,1
of5n7fz7,2,32,0,5,5,3,1,1,3,3,1,4,3,3,3,2,7,6,7,22,2,1
omw2t908,1,21,1,1,4,3,0,0,10,8,1,10,5,3,2,2,6,6,8,22,1,0
omw2t908,2,21,1,1,4,3,0,0,8,3,1,8,4,4,5,2,6,6,8,22,1,0
opt8oabp,1,23,1,5,4,4,1,1,7,8,1,4,4,4,4,1,2,2,2,7,2,1
opt8oabp,2,23,1,5,4,4,1,1,6,3,1,6,3,4,4,1,2,2,2,7,2,1
orkan8r1,1,23,1,1,3,4,1,1,2,8,1,7,2,3,4,7,22,24,27,80,2,1
orkan8r1,2,23,1,1,3,4,1,0,4,3,1,7,2,3,4,7,22,24,27,80,1,0
ouisexfr,1,31,1,1,3,4,0,0,5,8,1,9,5,1,1,1,1,2,5,9,1,0
ouisexfr,2,31,1,1,3,4,0,0,7,3,1,7,5,1,1,1,1,2,5,9,1,0
oxui6sik,1,26,1,2,4,4,1,1,4,8,1,6,2,3,3,3,6,5,9,23,2,1
oxui6sik,2,26,1,2,4,4,1,0,7,3,1,8,2,3,3,3,6,5,9,23,1,0
oyrtyxro,1,22,1,1,4,1,0,1,2,8,1,7,5,3,2,4,11,10,12,37,2,1
oyrtyxro,2,22,1,1,4,1,0,0,2,3,1,9,4,2,2,4,11,10,12,37,1,0
p1m6agg9,1,23,1,2,4,4,0,1,10,8,0,8,2,2,2,3,11,9,12,35,1,0
p1m6agg9,2,23,1,2,4,4,0,1,2,3,0,1,1,1,1,3,11,9,12,35,1,0
pcd7itjv,1,24,1,1,4,4,1,1,10,8,1,6,3,3,4,9,27,27,25,88,2,1
pcd7itjv,2,24,1,1,4,4,1,1,10,3,0,1,3,3,4,9,27,27,25,88,1,0
pe3ytno3,1,39,1,1,2,9,1,0,4,8,1,7,2,2,4,8,20,13,24,65,1,0
pe3ytno3,2,39,1,1,2,9,1,1,9,3,1,7,2,2,4,8,20,13,24,65,2,1
pggo62k3,1,24,1,1,3,4,0,0,1,8,0,3,3,3,3,10,37,38,39,124,0,1
pggo62k3,2,24,1,1,3,4,0,0,2,3,1,10,5,5,5,10,37,38,39,124,1,0
ph03jzza,1,23,1,4,4,4,1,0,1,8,1,9,2,3,3,6,16,20,22,64,1,0
ph03jzza,2,23,1,4,4,4,1,0,2,3,1,8,2,3,3,6,16,20,22,64,1,0
plvyt7x8,1,23,1,1,2,4,0,1,7,8,1,6,5,4,2,3,9,8,9,29,2,1
plvyt7x8,2,23,1,1,2,4,0,1,9,3,1,8,5,4,2,3,9,8,9,29,2,1
ppj0fr3m,1,28,1,1,5,4,1,0,9,8,1,8,1,2,3,5,17,14,19,55,1,0
ppj0fr3m,2,28,1,1,5,4,1,0,8,3,1,8,1,2,2,5,17,14,19,55,1,0
ppo86b4v,1,29,0,1,3,9,0,1,10,8,1,8,5,4,4,7,15,24,24,70,2,1
ppo86b4v,2,29,0,1,3,9,0,0,10,3,1,9,5,1,1,7,15,24,24,70,1,0
q11zmuen,1,25,1,3,3,4,0,0,3,8,0,2,2,1,3,5,20,13,19,57,0,1
q11zmuen,2,25,1,3,3,4,0,1,9,3,1,9,4,5,4,5,20,13,19,57,2,1
q5mffdz6,1,23,1,1,4,4,0,1,10,8,1,1,4,4,2,7,28,17,20,72,2,1
q5mffdz6,2,23,1,1,4,4,0,1,3,3,1,9,4,4,2,7,28,17,20,72,2,1
qabd40c4,1,25,1,1,4,4,0,1,5,8,1,2,5,4,4,3,6,10,13,32,2,1
qabd40c4,2,25,1,1,4,4,0,0,1,3,1,4,5,5,5,3,6,10,13,32,1,0
qjw05ck5,1,24,1,1,3,4,1,0,10,8,1,5,3,3,3,1,2,1,3,7,1,0
qjw05ck5,2,24,1,1,3,4,1,0,10,3,1,5,3,3,3,1,2,1,3,7,1,0
qublots8,1,21,0,1,3,4,1,0,2,8,1,4,3,3,4,6,13,14,17,50,1,0
qublots8,2,21,0,1,3,4,1,0,1,3,0,6,2,4,4,6,13,14,17,50,0,1
qzqv2xl2,1,21,0,1,2,4,0,0,1,8,0,1,4,4,4,3,11,9,10,33,0,1
qzqv2xl2,2,21,0,1,2,4,0,0,2,3,1,5,3,2,2,3,11,9,10,33,1,0
r2idblzt,1,24,1,1,4,4,0,1,2,8,1,10,5,4,4,12,26,35,46,119,2,1
r2idblzt,2,24,1,1,4,4,0,1,1,3,0,4,5,4,4,12,26,35,46,119,1,0
r3jb66og,1,30,1,1,4,3,0,1,7,8,1,3,4,3,1,2,5,4,6,17,2,1
r3jb66og,2,30,1,1,4,3,0,0,6,3,1,5,1,1,1,2,5,4,6,17,1,0
rc0x8uur,1,26,1,1,3,4,1,0,10,8,1,10,5,4,4,7,18,19,29,73,1,0
rc0x8uur,2,26,1,1,3,4,1,1,2,3,1,2,5,4,4,7,18,19,29,73,2,1
rfg9c2zl,1,23,1,1,3,4,0,0,10,8,0,4,2,4,2,1,4,4,4,13,0,1
rfg9c2zl,2,23,1,1,3,4,0,1,10,3,0,4,2,3,2,1,4,4,4,13,1,0
rq2pensn,1,24,1,1,3,4,0,0,3,8,0,7,5,3,1,6,11,10,20,47,0,1
rq2pensn,2,24,1,1,3,4,0,1,6,3,1,9,5,4,1,6,11,10,20,47,2,1
ru5dzmld,1,22,1,1,4,1,0,1,3,8,0,2,1,1,1,3,7,7,8,25,1,0
ru5dzmld,2,22,1,1,4,1,0,1,6,3,1,7,4,3,1,3,7,7,8,25,2,1
ruicqvcv,1,28,1,1,4,11,1,1,7,8,1,6,3,4,4,4,15,12,9,40,2,1
ruicqvcv,2,28,1,1,4,11,1,0,6,3,1,1,3,2,3,4,15,12,9,40,1,0
rvpqu2th,1,24,0,3,3,4,1,1,10,8,0,1,1,3,2,3,10,10,7,30,1,0
rvpqu2th,2,24,0,3,3,4,1,1,10,3,0,9,1,3,2,3,10,10,7,30,1,0
ryge51gd,1,40,1,1,3,4,0,0,1,8,1,8,3,2,2,3,9,7,8,27,1,0
ryge51gd,2,40,1,1,3,4,0,0,2,3,1,8,3,2,2,3,9,7,8,27,1,0
s2lvgvgu,1,23,1,1,4,4,1,1,3,8,0,4,1,2,2,2,7,4,7,20,1,0
s2lvgvgu,2,23,1,1,4,4,1,1,2,3,1,7,3,3,3,2,7,4,7,20,2,1
s5l9099r,1,23,1,1,4,4,0,0,4,8,1,6,5,2,1,1,2,2,4,9,1,0
s5l9099r,2,23,1,1,4,4,0,1,3,3,1,7,5,2,1,1,2,2,4,9,2,1
s6yr88a1,1,22,1,1,3,4,1,1,4,8,1,10,4,4,4,5,17,14,13,49,2,1
s6yr88a1,2,22,1,1,3,4,1,0,4,3,1,8,2,2,3,5,17,14,13,49,1,0
sa0tt3ol,1,21,1,5,3,4,1,0,3,8,0,1,3,2,4,3,11,13,11,38,0,1
sa0tt3ol,2,21,1,5,3,4,1,0,1,3,1,2,3,3,3,3,11,13,11,38,1,0
smw1hxkx,1,22,1,5,3,4,1,0,8,8,1,7,2,4,4,4,15,13,13,45,1,0
smw1hxkx,2,22,1,5,3,4,1,1,3,3,1,9,4,5,5,4,15,13,13,45,2,1
snn9kfyd,1,36,1,1,5,11,1,0,7,8,1,5,5,3,3,2,6,2,7,17,1,0
snn9kfyd,2,36,1,1,5,11,1,1,9,3,0,5,5,3,3,2,6,2,7,17,1,0
srrhajji,1,25,0,1,3,4,1,0,10,8,1,7,4,3,4,1,3,3,3,10,1,0
srrhajji,2,25,0,1,3,4,1,1,10,3,1,6,3,3,3,1,3,3,3,10,2,1
sudcw6ii,1,27,1,1,5,11,1,0,5,8,1,9,3,2,2,1,1,2,3,7,1,0
sudcw6ii,2,27,1,1,5,11,1,0,6,3,1,9,2,2,2,1,1,2,3,7,1,0
sue20ayc,1,21,0,5,3,11,0,1,10,8,1,6,5,5,4,3,9,12,12,36,2,1
sue20ayc,2,21,0,5,3,11,0,0,7,3,1,6,1,1,1,3,9,12,12,36,1,0
sxaxl3sj,1,24,1,1,4,4,0,0,5,8,0,3,4,2,4,7,25,22,23,77,0,1
sxaxl3sj,2,24,1,1,4,4,0,0,5,3,1,5,4,2,4,7,25,22,23,77,1,0
syl4a614,1,29,1,1,4,4,1,1,2,8,0,4,3,4,3,5,16,16,17,54,1,0
syl4a614,2,29,1,1,4,4,1,1,1,3,1,5,3,4,4,5,16,16,17,54,2,1
td5xtocu,1,23,1,3,3,4,1,1,4,8,1,8,2,3,4,2,8,6,9,25,2,1
td5xtocu,2,23,1,3,3,4,1,0,3,3,1,9,4,1,2,2,8,6,9,25,1,0
tiqh640k,1,25,1,1,4,4,0,1,2,8,1,5,4,4,3,1,2,2,1,6,2,1
tiqh640k,2,25,1,1,4,4,0,1,2,3,1,5,5,4,2,1,2,2,1,6,2,1
tjxgo170,1,23,1,1,5,4,1,1,9,8,1,1,3,3,3,0,0,0,0,0,2,1
tjxgo170,2,23,1,1,5,4,1,0,10,3,1,1,3,1,3,0,0,0,0,0,1,0
tk5dbo9b,1,21,1,1,3,4,0,1,2,8,1,8,5,2,1,0,0,0,0,0,2,1
tk5dbo9b,2,21,1,1,3,4,0,0,2,3,1,9,1,1,1,0,0,0,0,0,1,0
tp4ztfp9,1,22,1,1,4,1,0,0,2,8,1,8,3,1,1,5,11,10,16,42,1,0
tp4ztfp9,2,22,1,1,4,1,0,1,6,3,1,4,4,2,2,5,11,10,16,42,2,1
trwsg26o,1,22,0,1,3,4,1,1,3,8,0,3,3,3,3,2,8,8,8,26,1,0
trwsg26o,2,22,0,1,3,4,1,1,1,3,1,10,5,5,5,2,8,8,8,26,2,1
txozd4m6,1,25,1,1,4,4,1,1,3,8,0,5,2,2,3,4,13,10,11,38,1,0
txozd4m6,2,25,1,1,4,4,1,0,2,3,1,6,2,2,3,4,13,10,11,38,1,0
ub3td2rw,1,24,1,1,5,6,1,1,10,8,0,3,3,4,4,0,0,0,0,0,1,0
ub3td2rw,2,24,1,1,5,6,1,0,10,3,1,4,3,4,4,0,0,0,0,0,1,0
ud3pd13t,1,24,1,1,4,4,0,0,4,8,1,5,1,1,1,5,18,14,19,56,1,0
ud3pd13t,2,24,1,1,4,4,0,1,6,3,0,1,5,3,1,5,18,14,19,56,1,0
uffons6w,1,37,0,1,3,1,1,1,1,8,0,5,4,4,4,1,4,2,2,9,1,0
uffons6w,2,37,0,1,3,1,1,1,10,3,0,6,4,4,4,1,4,2,2,9,1,0
uj28q8a2,1,24,1,3,4,1,1,1,10,8,1,1,4,4,4,7,19,23,27,76,2,1
uj28q8a2,2,24,1,3,4,1,1,1,5,3,0,8,4,3,4,7,19,23,27,76,1,0
ul29tqem,1,21,0,1,3,4,1,1,10,8,1,5,2,1,5,13,44,42,49,148,2,1
ul29tqem,2,21,0,1,3,4,1,1,10,3,1,9,2,1,4,13,44,42,49,148,2,1
upil02j2,1,48,1,1,4,11,1,0,1,8,1,8,2,1,4,1,2,2,2,7,1,0
upil02j2,2,48,1,1,4,11,1,0,3,3,1,6,3,1,4,1,2,2,2,7,1,0
ur2hc2ck,1,34,1,1,4,4,1,1,8,8,1,9,4,4,4,1,1,1,2,5,2,1
ur2hc2ck,2,34,1,1,4,4,1,1,9,3,1,10,4,4,4,1,1,1,2,5,2,1
utyhh2o1,1,31,0,1,3,9,0,0,1,8,1,1,3,3,3,6,14,18,18,56,1,0
utyhh2o1,2,31,0,1,3,9,0,0,3,3,1,1,3,3,3,6,14,18,18,56,1,0
v4m8tnto,1,29,0,1,5,4,1,1,10,8,0,9,3,4,4,3,6,6,13,28,1,0
v4m8tnto,2,29,0,1,5,4,1,1,1,3,0,9,3,4,4,3,6,6,13,28,1,0
v7igziir,1,24,1,1,4,4,0,0,4,8,0,3,3,3,2,0,0,0,0,0,0,1
v7igziir,2,24,1,1,4,4,0,1,6,3,1,6,4,2,3,0,0,0,0,0,2,1
vfdt6dbr,1,29,1,2,4,1,0,1,5,8,1,1,3,4,4,10,21,31,34,96,2,1
vfdt6dbr,2,29,1,2,4,1,0,0,5,3,1,1,3,3,3,10,21,31,34,96,1,0
vho0yw71,1,24,1,1,3,4,0,0,1,8,1,7,4,2,2,3,9,8,10,30,1,0
vho0yw71,2,24,1,1,3,4,0,1,10,3,0,1,3,4,4,3,9,8,10,30,1,0
vhprsfgx,1,27,1,3,4,4,1,0,3,8,0,7,4,4,5,5,17,16,12,50,0,1
vhprsfgx,2,27,1,3,4,4,1,1,10,3,1,3,4,4,5,5,17,16,12,50,2,1
vku5cvaz,1,21,1,1,3,4,1,1,2,8,0,7,3,3,3,4,9,11,14,38,1,0
vku5cvaz,2,21,1,1,3,4,1,0,2,3,0,6,3,3,3,4,9,11,14,38,0,1
vl4pc0lw,1,41,1,1,4,3,0,0,10,8,1,3,5,1,1,4,13,9,11,37,1,0
vl4pc0lw,2,41,1,1,4,3,0,1,10,3,1,7,5,3,3,4,13,9,11,37,2,1
vvv8l4vv,1,25,1,1,3,4,1,1,2,8,1,5,2,4,4,4,8,8,11,31,2,1
vvv8l4vv,2,25,1,1,3,4,1,0,2,3,0,5,2,4,4,4,8,8,11,31,0,1
w1ythztu,1,25,1,1,4,4,0,0,7,8,1,2,4,2,2,3,9,9,12,33,1,0
w1ythztu,2,25,1,1,4,4,0,1,6,3,1,2,4,2,2,3,9,9,12,33,2,1
w703jhg2,1,21,1,1,4,1,1,1,2,8,0,1,3,3,3,3,12,11,13,39,1,0
w703jhg2,2,21,1,1,4,1,1,0,2,3,1,4,3,3,4,3,12,11,13,39,1,0
w7it1bye,1,27,1,3,3,3,1,0,1,8,1,4,3,4,5,5,14,14,19,52,1,0
w7it1bye,2,27,1,3,3,3,1,1,10,3,0,7,4,4,4,5,14,14,19,52,1,0
wtvton2h,1,27,1,1,5,1,0,0,5,8,1,6,5,5,5,1,2,1,2,6,1,0
wtvton2h,2,27,1,1,5,1,0,0,6,3,1,6,5,5,5,1,2,1,2,6,1,0
wwqaa824,1,22,1,1,4,4,1,1,1,8,0,9,2,2,2,6,19,14,14,53,1,0
wwqaa824,2,22,1,1,4,4,1,0,3,3,1,8,3,2,2,6,19,14,14,53,1,0
wxh2kewo,1,22,1,1,3,4,1,1,5,8,1,7,3,4,5,2,5,4,6,17,2,1
wxh2kewo,2,22,1,1,3,4,1,0,5,3,1,7,1,2,4,2,5,4,6,17,1,0
xgdd10mw,1,25,1,1,4,4,0,1,5,8,0,6,3,3,3,5,16,13,15,49,1,0
xgdd10mw,2,25,1,1,4,4,0,1,4,3,0,4,3,2,2,5,16,13,15,49,1,0
xj5cs83b,1,23,1,1,4,12,0,0,10,8,1,7,5,4,1,2,4,4,6,16,1,0
xj5cs83b,2,23,1,1,4,12,0,1,8,3,1,9,5,4,1,2,4,4,6,16,2,1
xjzurell,1,22,0,1,4,3,1,0,8,8,1,7,3,4,3,5,9,11,21,46,1,0
xjzurell,2,22,0,1,4,3,1,1,6,3,1,7,3,4,3,5,9,11,21,46,2,1
xkpr3bw2,1,25,1,1,3,4,0,0,10,8,1,4,1,1,1,0,0,0,0,0,1,0
xkpr3bw2,2,25,1,1,3,4,0,1,7,3,1,7,4,4,2,0,0,0,0,0,2,1
xpjzaujy,1,23,1,1,4,4,1,1,2,8,1,8,4,5,4,3,9,8,12,32,2,1
xpjzaujy,2,23,1,1,4,4,1,0,1,3,0,4,3,3,3,3,9,8,12,32,0,1
xw1ocwua,1,29,0,1,3,3,0,0,10,8,1,5,4,4,3,8,14,9,17,48,1,0
xw1ocwua,2,29,0,1,3,3,0,0,10,3,1,7,4,4,3,8,14,9,17,48,1,0
xxk8iti6,1,22,1,1,4,4,0,1,7,8,1,3,5,2,1,5,14,12,15,46,2,1
xxk8iti6,2,22,1,1,4,4,0,0,6,3,1,6,5,2,1,5,14,12,15,46,1,0
y09k9ii2,1,25,1,1,4,4,1,0,3,8,1,8,1,1,1,0,0,0,0,0,1,0
y09k9ii2,2,25,1,1,4,4,1,1,9,3,0,4,2,3,3,0,0,0,0,0,1,0
y7rah10n,1,22,0,1,3,4,0,1,10,8,1,6,2,2,2,2,6,5,5,18,2,1
y7rah10n,2,22,0,1,3,4,0,0,10,3,1,3,2,4,3,2,6,5,5,18,1,0
y8z6mw92,1,23,1,1,4,6,1,0,1,8,1,8,1,1,5,9,41,35,30,115,1,0
y8z6mw92,2,23,1,1,4,6,1,0,3,3,1,9,1,2,5,9,41,35,30,115,1,0
ya437qib,1,26,1,5,3,4,0,1,6,8,0,3,5,3,3,4,14,8,14,40,1,0
ya437qib,2,26,1,5,3,4,0,0,6,3,1,6,1,1,1,4,14,8,14,40,1,0
yc0n5tga,1,26,1,1,1,4,0,1,2,8,0,7,5,4,3,1,4,4,4,13,1,0
yc0n5tga,2,26,1,1,1,4,0,0,3,3,0,3,3,3,3,1,4,4,4,13,0,1
yzloxy1r,1,38,1,1,4,1,0,1,2,8,1,6,4,3,3,1,1,1,2,5,2,1
yzloxy1r,2,38,1,1,4,1,0,1,3,3,1,6,4,3,3,1,1,1,2,5,2,1
z3n1u7mf,1,21,1,2,3,4,1,0,1,8,0,5,2,3,3,4,9,10,15,38,0,1
z3n1u7mf,2,21,1,2,3,4,1,1,3,3,0,6,2,3,4,4,9,10,15,38,1,0
z5skibuo,1,24,1,1,4,4,0,0,4,8,1,5,1,1,1,5,10,14,15,44,1,0
z5skibuo,2,24,1,1,4,4,0,1,3,3,1,3,5,3,3,5,10,14,15,44,2,1
zje8l7ym,1,27,1,2,3,4,1,0,4,8,1,7,2,4,5,5,13,12,15,45,1,0
zje8l7ym,2,27,1,2,3,4,1,1,5,3,1,6,3,4,4,5,13,12,15,45,2,1
zlrtimm4,1,20,1,3,3,4,0,1,5,8,0,4,5,3,2,1,4,2,1,8,1,0
zlrtimm4,2,20,1,3,3,4,0,1,4,3,1,10,5,3,1,1,4,2,1,8,2,1
zn82glmh,1,21,1,1,3,4,1,0,2,8,1,5,3,3,4,3,10,7,11,31,1,0
zn82glmh,2,21,1,1,3,4,1,0,1,3,1,8,1,3,4,3,10,7,11,31,1,0
zowenqwg,1,25,0,1,3,4,1,1,4,8,1,8,4,4,4,8,26,28,27,89,2,1
zowenqwg,2,25,0,1,3,4,1,0,4,3,1,8,2,4,4,8,26,28,27,89,1,0
ztwir400,1,24,1,1,4,7,1,0,2,8,1,1,2,2,2,0,0,0,0,0,1,0
ztwir400,2,24,1,1,4,7,1,1,2,3,1,1,1,2,3,0,0,0,0,0,2,1
zug6qpj5,1,22,1,1,3,4,0,0,10,8,1,8,3,2,2,2,2,5,7,16,1,0
zug6qpj5,2,22,1,1,3,4,0,0,9,3,1,9,2,2,2,2,2,5,7,16,1,0
